old_url,new_url,id,date
/posts/6327,/archive/2018/08a#post-169650,169650,2018-08-03 21:28:00 UTC
/posts/6328,/archive/2018/08a#post-169651,169651,2018-08-03 21:28:35 UTC
/posts/6138,/archive/2018/07a#post-169652,169652,2018-07-07 18:18:36 UTC
/posts/6284,/archive/2018/07a#post-169653,169653,2018-07-11 05:12:04 UTC
/posts/6300,/archive/2018/07a#post-169654,169654,2018-07-12 03:31:14 UTC
/posts/6302,/archive/2018/07a#post-169655,169655,2018-07-12 04:31:28 UTC
/posts/6288,/archive/2018/07a#post-169656,169656,2018-07-11 09:18:15 UTC
/posts/6301,/archive/2018/07a#post-169657,169657,2018-07-12 04:22:34 UTC
/posts/6305,/archive/2018/07a#post-169658,169658,2018-07-12 09:25:20 UTC
/posts/6308,/archive/2018/07a#post-169659,169659,2018-07-12 16:22:25 UTC
/posts/6306,/archive/2018/07a#post-169660,169660,2018-07-12 09:25:38 UTC
/posts/6287,/archive/2018/07a#post-169661,169661,2018-07-11 05:44:42 UTC
/posts/6249,/archive/2018/07a#post-169662,169662,2018-07-10 13:07:06 UTC
/posts/6292,/archive/2018/07a#post-169663,169663,2018-07-11 11:19:09 UTC
/posts/6291,/archive/2018/07a#post-169664,169664,2018-07-11 11:10:19 UTC
/posts/6296,/archive/2018/07a#post-169665,169665,2018-07-11 13:04:39 UTC
/posts/6260,/archive/2018/07a#post-169666,169666,2018-07-10 20:00:33 UTC
/posts/6295,/archive/2018/07a#post-169667,169667,2018-07-11 12:18:20 UTC
/posts/6241,/archive/2018/07a#post-169668,169668,2018-07-10 02:27:53 UTC
/posts/6243,/archive/2018/07a#post-169669,169669,2018-07-10 04:08:28 UTC
/posts/6247,/archive/2018/07a#post-169670,169670,2018-07-10 07:40:45 UTC
/posts/6205,/archive/2018/07a#post-169671,169671,2018-07-09 16:48:45 UTC
/posts/6217,/archive/2018/07a#post-169672,169672,2018-07-09 17:37:41 UTC
/posts/6207,/archive/2018/07a#post-169673,169673,2018-07-09 16:51:43 UTC
/posts/6209,/archive/2018/07a#post-169674,169674,2018-07-09 16:56:15 UTC
/posts/6212,/archive/2018/07a#post-169675,169675,2018-07-09 17:02:25 UTC
/posts/6214,/archive/2018/07a#post-169676,169676,2018-07-09 17:06:08 UTC
/posts/6197,/archive/2018/07a#post-169677,169677,2018-07-09 13:10:00 UTC
/posts/6311,/archive/2018/07a#post-169678,169678,2018-07-14 16:43:17 UTC
/posts/6314,/archive/2018/07a#post-169679,169679,2018-07-14 18:17:24 UTC
/posts/6315,/archive/2018/07a#post-169680,169680,2018-07-14 20:36:49 UTC
/posts/6317,/archive/2018/07a#post-169681,169681,2018-07-14 20:43:52 UTC
/posts/6319,/archive/2018/07a#post-169682,169682,2018-07-15 06:17:09 UTC
/posts/6322,/archive/2018/07a#post-169683,169683,2018-07-15 12:27:28 UTC
/posts/6326,/archive/2018/07a#post-169684,169684,2018-07-15 20:20:26 UTC
/posts/6278,/archive/2018/07a#post-169685,169685,2018-07-11 04:06:32 UTC
/posts/6289,/archive/2018/07a#post-169686,169686,2018-07-11 10:33:19 UTC
/posts/6298,/archive/2018/07a#post-169687,169687,2018-07-11 15:46:39 UTC
/posts/6324,/archive/2018/07a#post-169688,169688,2018-07-15 12:28:48 UTC
/posts/6246,/archive/2018/07a#post-169689,169689,2018-07-10 04:54:29 UTC
/posts/6290,/archive/2018/07a#post-169690,169690,2018-07-11 10:43:53 UTC
/posts/6204,/archive/2018/07a#post-169691,169691,2018-07-09 16:42:55 UTC
/posts/6218,/archive/2018/07a#post-169692,169692,2018-07-09 18:14:32 UTC
/posts/6192,/archive/2018/07a#post-169693,169693,2018-07-09 01:19:54 UTC
/posts/6268,/archive/2018/07a#post-169694,169694,2018-07-10 22:26:06 UTC
/posts/6272,/archive/2018/07a#post-169695,169695,2018-07-10 23:40:30 UTC
/posts/6242,/archive/2018/07a#post-169696,169696,2018-07-10 04:05:50 UTC
/posts/6254,/archive/2018/07a#post-169697,169697,2018-07-10 17:32:44 UTC
/posts/6263,/archive/2018/07a#post-169698,169698,2018-07-10 21:21:19 UTC
/posts/6273,/archive/2018/07a#post-169699,169699,2018-07-10 23:57:06 UTC
/posts/6277,/archive/2018/07a#post-169700,169700,2018-07-11 03:21:23 UTC
/posts/6280,/archive/2018/07a#post-169701,169701,2018-07-11 04:10:19 UTC
/posts/6239,/archive/2018/07a#post-169702,169702,2018-07-10 01:33:48 UTC
/posts/6255,/archive/2018/07a#post-169703,169703,2018-07-10 17:37:21 UTC
/posts/6257,/archive/2018/07a#post-169704,169704,2018-07-10 17:45:48 UTC
/posts/6259,/archive/2018/07a#post-169705,169705,2018-07-10 18:13:37 UTC
/posts/6275,/archive/2018/07a#post-169706,169706,2018-07-11 01:58:30 UTC
/posts/6276,/archive/2018/07a#post-169707,169707,2018-07-11 03:04:35 UTC
/posts/6279,/archive/2018/07a#post-169708,169708,2018-07-11 04:09:16 UTC
/posts/6282,/archive/2018/07a#post-169709,169709,2018-07-11 04:24:29 UTC
/posts/6196,/archive/2018/07a#post-169710,169710,2018-07-09 11:56:19 UTC
/posts/6199,/archive/2018/07a#post-169711,169711,2018-07-09 13:49:16 UTC
/posts/6201,/archive/2018/07a#post-169712,169712,2018-07-09 15:41:13 UTC
/posts/6202,/archive/2018/07a#post-169713,169713,2018-07-09 16:10:24 UTC
/posts/6166,/archive/2018/07a#post-169714,169714,2018-07-08 17:20:13 UTC
/posts/6230,/archive/2018/07a#post-169715,169715,2018-07-09 20:37:09 UTC
/posts/6303,/archive/2018/07a#post-169716,169716,2018-07-12 05:17:47 UTC
/posts/6194,/archive/2018/07a#post-169717,169717,2018-07-09 05:20:53 UTC
/posts/6238,/archive/2018/07a#post-169718,169718,2018-07-10 01:05:55 UTC
/posts/6149,/archive/2018/07a#post-169719,169719,2018-07-08 05:19:49 UTC
/posts/6164,/archive/2018/07a#post-169720,169720,2018-07-08 17:10:58 UTC
/posts/6170,/archive/2018/07a#post-169721,169721,2018-07-08 17:32:19 UTC
/posts/6159,/archive/2018/07a#post-169722,169722,2018-07-08 15:29:04 UTC
/posts/6165,/archive/2018/07a#post-169723,169723,2018-07-08 17:12:00 UTC
/posts/6147,/archive/2018/07a#post-169724,169724,2018-07-08 02:38:32 UTC
/posts/6261,/archive/2018/07a#post-169725,169725,2018-07-10 21:10:26 UTC
/posts/6297,/archive/2018/07a#post-169726,169726,2018-07-11 15:09:45 UTC
/posts/6208,/archive/2018/07a#post-169727,169727,2018-07-09 16:55:16 UTC
/posts/6215,/archive/2018/07a#post-169728,169728,2018-07-09 17:22:53 UTC
/posts/6198,/archive/2018/07a#post-169729,169729,2018-07-09 13:40:51 UTC
/posts/6200,/archive/2018/07a#post-169730,169730,2018-07-09 15:36:31 UTC
/posts/6216,/archive/2018/07a#post-169731,169731,2018-07-09 17:34:31 UTC
/posts/6224,/archive/2018/07a#post-169732,169732,2018-07-09 19:25:25 UTC
/posts/6227,/archive/2018/07a#post-169733,169733,2018-07-09 19:44:49 UTC
/posts/6152,/archive/2018/07a#post-169734,169734,2018-07-08 13:13:24 UTC
/posts/6154,/archive/2018/07a#post-169735,169735,2018-07-08 13:33:09 UTC
/posts/6161,/archive/2018/07a#post-169736,169736,2018-07-08 17:06:57 UTC
/posts/6172,/archive/2018/07a#post-169737,169737,2018-07-08 17:41:49 UTC
/posts/6148,/archive/2018/07a#post-169738,169738,2018-07-08 03:54:37 UTC
/posts/6153,/archive/2018/07a#post-169739,169739,2018-07-08 13:23:49 UTC
/posts/6162,/archive/2018/07a#post-169740,169740,2018-07-08 17:07:34 UTC
/posts/6146,/archive/2018/07a#post-169741,169741,2018-07-08 00:59:31 UTC
/posts/6304,/archive/2018/07a#post-169742,169742,2018-07-12 05:27:23 UTC
/posts/6310,/archive/2018/07a#post-169743,169743,2018-07-12 18:16:46 UTC
/posts/6250,/archive/2018/07a#post-169744,169744,2018-07-10 13:25:15 UTC
/posts/6252,/archive/2018/07a#post-169745,169745,2018-07-10 15:59:15 UTC
/posts/6203,/archive/2018/07a#post-169746,169746,2018-07-09 16:16:25 UTC
/posts/6221,/archive/2018/07a#post-169747,169747,2018-07-09 18:27:04 UTC
/posts/6222,/archive/2018/07a#post-169748,169748,2018-07-09 19:09:54 UTC
/posts/6226,/archive/2018/07a#post-169749,169749,2018-07-09 19:43:09 UTC
/posts/6228,/archive/2018/07a#post-169750,169750,2018-07-09 19:54:56 UTC
/posts/6229,/archive/2018/07a#post-169751,169751,2018-07-09 20:05:02 UTC
/posts/6231,/archive/2018/07a#post-169752,169752,2018-07-09 21:32:22 UTC
/posts/6233,/archive/2018/07a#post-169753,169753,2018-07-09 22:48:26 UTC
/posts/6270,/archive/2018/07a#post-169754,169754,2018-07-10 23:20:26 UTC
/posts/6271,/archive/2018/07a#post-169755,169755,2018-07-10 23:22:13 UTC
/posts/6234,/archive/2018/07a#post-169756,169756,2018-07-09 23:02:57 UTC
/posts/6235,/archive/2018/07a#post-169757,169757,2018-07-10 00:10:22 UTC
/posts/6220,/archive/2018/07a#post-169758,169758,2018-07-09 18:25:03 UTC
/posts/6223,/archive/2018/07a#post-169759,169759,2018-07-09 19:20:01 UTC
/posts/6225,/archive/2018/07a#post-169760,169760,2018-07-09 19:41:21 UTC
/posts/6232,/archive/2018/07a#post-169761,169761,2018-07-09 21:38:24 UTC
/posts/6236,/archive/2018/07a#post-169762,169762,2018-07-10 00:16:31 UTC
/posts/6245,/archive/2018/07a#post-169763,169763,2018-07-10 04:23:38 UTC
/posts/6253,/archive/2018/07a#post-169764,169764,2018-07-10 17:22:14 UTC
/posts/6191,/archive/2018/07a#post-169765,169765,2018-07-09 00:48:02 UTC
/posts/6193,/archive/2018/07a#post-169766,169766,2018-07-09 02:15:07 UTC
/posts/6187,/archive/2018/07a#post-169767,169767,2018-07-08 23:13:32 UTC
/posts/6188,/archive/2018/07a#post-169768,169768,2018-07-08 23:42:54 UTC
/posts/6175,/archive/2018/07a#post-169769,169769,2018-07-08 17:53:12 UTC
/posts/6177,/archive/2018/07a#post-169770,169770,2018-07-08 18:06:33 UTC
/posts/6180,/archive/2018/07a#post-169771,169771,2018-07-08 20:07:05 UTC
/posts/6181,/archive/2018/07a#post-169772,169772,2018-07-08 20:12:45 UTC
/posts/6183,/archive/2018/07a#post-169773,169773,2018-07-08 21:14:36 UTC
/posts/6186,/archive/2018/07a#post-169774,169774,2018-07-08 22:50:04 UTC
/posts/6189,/archive/2018/07a#post-169775,169775,2018-07-08 23:45:05 UTC
/posts/6150,/archive/2018/07a#post-169776,169776,2018-07-08 05:37:34 UTC
/posts/6151,/archive/2018/07a#post-169777,169777,2018-07-08 13:05:58 UTC
/posts/6142,/archive/2018/07a#post-169778,169778,2018-07-07 19:47:46 UTC
/posts/6244,/archive/2018/07a#post-169779,169779,2018-07-10 04:13:22 UTC
/posts/6184,/archive/2018/07a#post-169780,169780,2018-07-08 21:17:40 UTC
/posts/6195,/archive/2018/07a#post-169781,169781,2018-07-09 09:42:24 UTC
/posts/6156,/archive/2018/07a#post-169782,169782,2018-07-08 15:23:25 UTC
/posts/6173,/archive/2018/07a#post-169783,169783,2018-07-08 17:44:31 UTC
/posts/6140,/archive/2018/07a#post-169784,169784,2018-07-07 18:32:50 UTC
/posts/6312,/archive/2018/07a#post-169785,169785,2018-07-14 16:44:43 UTC
/posts/6313,/archive/2018/07a#post-169786,169786,2018-07-14 17:16:43 UTC
/posts/6316,/archive/2018/07a#post-169787,169787,2018-07-14 20:37:37 UTC
/posts/6318,/archive/2018/07a#post-169788,169788,2018-07-14 20:45:50 UTC
/posts/6320,/archive/2018/07a#post-169789,169789,2018-07-15 06:17:17 UTC
/posts/6321,/archive/2018/07a#post-169790,169790,2018-07-15 06:20:01 UTC
/posts/6325,/archive/2018/07a#post-169791,169791,2018-07-15 20:15:14 UTC
/posts/6281,/archive/2018/07a#post-169792,169792,2018-07-11 04:16:46 UTC
/posts/6283,/archive/2018/07a#post-169793,169793,2018-07-11 04:36:15 UTC
/posts/6299,/archive/2018/07a#post-169794,169794,2018-07-11 15:48:53 UTC
/posts/6264,/archive/2018/07a#post-169795,169795,2018-07-10 21:37:12 UTC
/posts/6267,/archive/2018/07a#post-169796,169796,2018-07-10 22:23:54 UTC
/posts/6274,/archive/2018/07a#post-169797,169797,2018-07-11 00:02:28 UTC
/posts/6262,/archive/2018/07a#post-169798,169798,2018-07-10 21:16:55 UTC
/posts/6266,/archive/2018/07a#post-169799,169799,2018-07-10 22:21:47 UTC
/posts/6285,/archive/2018/07a#post-169800,169800,2018-07-11 05:27:00 UTC
/posts/6286,/archive/2018/07a#post-169801,169801,2018-07-11 05:44:01 UTC
/posts/6307,/archive/2018/07a#post-169802,169802,2018-07-12 15:35:39 UTC
/posts/6309,/archive/2018/07a#post-169803,169803,2018-07-12 16:30:06 UTC
/posts/6167,/archive/2018/07a#post-169804,169804,2018-07-08 17:22:12 UTC
/posts/6168,/archive/2018/07a#post-169805,169805,2018-07-08 17:30:03 UTC
/posts/6141,/archive/2018/07a#post-169806,169806,2018-07-07 19:40:51 UTC
/posts/6144,/archive/2018/07a#post-169807,169807,2018-07-07 20:14:55 UTC
/posts/6155,/archive/2018/07a#post-169808,169808,2018-07-08 13:40:08 UTC
/posts/6157,/archive/2018/07a#post-169809,169809,2018-07-08 15:24:23 UTC
/posts/6163,/archive/2018/07a#post-169810,169810,2018-07-08 17:09:22 UTC
/posts/6171,/archive/2018/07a#post-169811,169811,2018-07-08 17:33:40 UTC
/posts/6174,/archive/2018/07a#post-169812,169812,2018-07-08 17:47:58 UTC
/posts/6176,/archive/2018/07a#post-169813,169813,2018-07-08 18:01:28 UTC
/posts/6178,/archive/2018/07a#post-169814,169814,2018-07-08 19:32:35 UTC
/posts/6179,/archive/2018/07a#post-169815,169815,2018-07-08 20:02:45 UTC
/posts/6182,/archive/2018/07a#post-169816,169816,2018-07-08 20:19:00 UTC
/posts/6169,/archive/2018/07a#post-169817,169817,2018-07-08 17:30:47 UTC
/posts/6145,/archive/2018/07a#post-169818,169818,2018-07-07 23:04:34 UTC
/posts/6139,/archive/2018/07a#post-169819,169819,2018-07-07 18:26:25 UTC
/posts/6158,/archive/2018/07a#post-169820,169820,2018-07-08 15:25:40 UTC
/posts/6160,/archive/2018/07a#post-169821,169821,2018-07-08 16:43:28 UTC
/posts/6063,/archive/2018/06b#post-169822,169822,2018-06-11 23:41:58 UTC
/posts/6067,/archive/2018/06b#post-169823,169823,2018-06-13 02:53:54 UTC
/posts/6066,/archive/2018/06b#post-169824,169824,2018-06-12 13:02:23 UTC
/posts/6071,/archive/2018/06b#post-169825,169825,2018-06-13 20:09:27 UTC
/posts/6072,/archive/2018/06b#post-169826,169826,2018-06-13 20:17:03 UTC
/posts/6073,/archive/2018/06b#post-169827,169827,2018-06-13 20:29:29 UTC
/posts/6074,/archive/2018/06b#post-169828,169828,2018-06-13 20:34:26 UTC
/posts/6075,/archive/2018/06b#post-169829,169829,2018-06-13 20:39:56 UTC
/posts/6076,/archive/2018/06b#post-169830,169830,2018-06-13 20:47:48 UTC
/posts/6077,/archive/2018/06b#post-169831,169831,2018-06-13 21:13:31 UTC
/posts/6078,/archive/2018/06b#post-169832,169832,2018-06-13 21:27:45 UTC
/posts/6079,/archive/2018/06b#post-169833,169833,2018-06-13 21:33:07 UTC
/posts/6080,/archive/2018/06b#post-169834,169834,2018-06-13 21:49:37 UTC
/posts/6081,/archive/2018/06b#post-169835,169835,2018-06-13 21:53:06 UTC
/posts/6082,/archive/2018/06b#post-169836,169836,2018-06-13 22:12:24 UTC
/posts/6083,/archive/2018/06b#post-169837,169837,2018-06-13 22:18:05 UTC
/posts/6084,/archive/2018/06b#post-169838,169838,2018-06-13 22:38:00 UTC
/posts/6086,/archive/2018/06b#post-169839,169839,2018-06-13 22:45:24 UTC
/posts/6088,/archive/2018/06b#post-169840,169840,2018-06-13 22:52:36 UTC
/posts/6089,/archive/2018/06b#post-169841,169841,2018-06-13 22:56:19 UTC
/posts/6090,/archive/2018/06b#post-169842,169842,2018-06-13 23:00:15 UTC
/posts/6091,/archive/2018/06b#post-169843,169843,2018-06-13 23:04:00 UTC
/posts/6092,/archive/2018/06b#post-169844,169844,2018-06-13 23:09:09 UTC
/posts/6094,/archive/2018/06b#post-169845,169845,2018-06-13 23:32:02 UTC
/posts/6095,/archive/2018/06b#post-169846,169846,2018-06-13 23:41:04 UTC
/posts/6096,/archive/2018/06b#post-169847,169847,2018-06-13 23:46:26 UTC
/posts/6097,/archive/2018/06b#post-169848,169848,2018-06-13 23:52:01 UTC
/posts/6098,/archive/2018/06b#post-169849,169849,2018-06-13 23:54:57 UTC
/posts/6099,/archive/2018/06b#post-169850,169850,2018-06-14 00:05:06 UTC
/posts/6100,/archive/2018/06b#post-169851,169851,2018-06-14 00:10:07 UTC
/posts/6101,/archive/2018/06b#post-169852,169852,2018-06-14 00:19:08 UTC
/posts/6103,/archive/2018/06b#post-169853,169853,2018-06-14 00:26:18 UTC
/posts/6104,/archive/2018/06b#post-169854,169854,2018-06-14 00:43:14 UTC
/posts/6122,/archive/2018/06b#post-169855,169855,2018-06-19 12:32:37 UTC
/posts/6065,/archive/2018/06b#post-169856,169856,2018-06-12 01:50:15 UTC
/posts/6068,/archive/2018/06b#post-169857,169857,2018-06-13 02:57:21 UTC
/posts/6069,/archive/2018/06b#post-169858,169858,2018-06-13 17:44:44 UTC
/posts/6070,/archive/2018/06b#post-169859,169859,2018-06-13 18:49:25 UTC
/posts/6085,/archive/2018/06b#post-169860,169860,2018-06-13 22:42:46 UTC
/posts/6093,/archive/2018/06b#post-169861,169861,2018-06-13 23:29:20 UTC
/posts/6102,/archive/2018/06b#post-169862,169862,2018-06-14 00:19:30 UTC
/posts/6105,/archive/2018/06b#post-169863,169863,2018-06-14 01:59:59 UTC
/posts/6106,/archive/2018/06b#post-169864,169864,2018-06-14 02:09:56 UTC
/posts/6107,/archive/2018/06b#post-169865,169865,2018-06-14 02:28:38 UTC
/posts/6108,/archive/2018/06b#post-169866,169866,2018-06-14 02:41:09 UTC
/posts/6109,/archive/2018/06b#post-169867,169867,2018-06-14 03:34:00 UTC
/posts/6110,/archive/2018/06b#post-169868,169868,2018-06-14 11:54:49 UTC
/posts/6112,/archive/2018/06b#post-169869,169869,2018-06-14 15:35:00 UTC
/posts/6114,/archive/2018/06b#post-169870,169870,2018-06-14 18:11:14 UTC
/posts/6115,/archive/2018/06b#post-169871,169871,2018-06-15 01:07:35 UTC
/posts/6116,/archive/2018/06b#post-169872,169872,2018-06-15 01:23:41 UTC
/posts/6117,/archive/2018/06b#post-169873,169873,2018-06-15 01:51:38 UTC
/posts/6064,/archive/2018/06b#post-169874,169874,2018-06-12 00:17:05 UTC
/posts/6118,/archive/2018/06b#post-169875,169875,2018-06-16 21:55:04 UTC
/posts/6121,/archive/2018/06b#post-169876,169876,2018-06-19 12:30:05 UTC
/posts/6123,/archive/2018/06b#post-169877,169877,2018-06-19 14:34:50 UTC
/posts/6053,/archive/2018/01c#post-169878,169878,2018-01-28 03:21:41 UTC
/posts/6054,/archive/2018/01c#post-169879,169879,2018-01-28 03:27:17 UTC
/posts/6056,/archive/2018/01c#post-169880,169880,2018-02-01 22:21:09 UTC
/posts/6057,/archive/2018/01c#post-169881,169881,2018-02-02 01:35:59 UTC
/posts/6043,/archive/2018/01b#post-169882,169882,2018-01-15 04:08:21 UTC
/posts/6044,/archive/2018/01b#post-169883,169883,2018-01-15 04:30:38 UTC
/posts/6052,/archive/2018/01b#post-169884,169884,2018-01-27 23:04:26 UTC
/posts/6055,/archive/2018/01b#post-169885,169885,2018-01-28 04:43:52 UTC
/posts/6046,/archive/2018/01b#post-169886,169886,2018-01-15 04:35:36 UTC
/posts/6048,/archive/2018/01b#post-169887,169887,2018-01-15 20:04:22 UTC
/posts/6050,/archive/2018/01b#post-169888,169888,2018-01-15 21:12:26 UTC
/posts/6051,/archive/2018/01b#post-169889,169889,2018-01-23 15:52:55 UTC
/posts/5942,/archive/2017/11a#post-169890,169890,2017-11-05 16:37:57 UTC
/posts/5735,/archive/2017/10c#post-169891,169891,2017-10-22 17:14:38 UTC
/posts/5867,/archive/2017/10c#post-169892,169892,2017-11-01 01:48:20 UTC
/posts/5764,/archive/2017/10c#post-169893,169893,2017-10-24 20:29:25 UTC
/posts/5767,/archive/2017/10c#post-169894,169894,2017-10-25 19:56:46 UTC
/posts/5766,/archive/2017/10c#post-169895,169895,2017-10-25 18:52:48 UTC
/posts/5768,/archive/2017/10c#post-169896,169896,2017-10-25 21:27:23 UTC
/posts/5771,/archive/2017/10c#post-169897,169897,2017-10-26 12:37:38 UTC
/posts/5770,/archive/2017/10c#post-169898,169898,2017-10-26 12:11:48 UTC
/posts/5772,/archive/2017/10c#post-169899,169899,2017-10-26 13:40:12 UTC
/posts/5773,/archive/2017/10c#post-169900,169900,2017-10-26 14:19:06 UTC
/posts/5800,/archive/2017/10c#post-169901,169901,2017-10-28 12:44:23 UTC
/posts/5806,/archive/2017/10c#post-169902,169902,2017-10-29 01:35:32 UTC
/posts/5801,/archive/2017/10c#post-169903,169903,2017-10-28 13:35:27 UTC
/posts/5819,/archive/2017/10c#post-169904,169904,2017-10-30 11:57:50 UTC
/posts/5869,/archive/2017/10c#post-169905,169905,2017-11-01 02:03:48 UTC
/posts/5850,/archive/2017/10c#post-169906,169906,2017-10-31 15:18:46 UTC
/posts/5881,/archive/2017/10c#post-169907,169907,2017-11-01 17:53:19 UTC
/posts/5885,/archive/2017/10c#post-169908,169908,2017-11-01 19:43:33 UTC
/posts/5739,/archive/2017/10c#post-169909,169909,2017-10-22 21:03:55 UTC
/posts/6035,/archive/2017/10c#post-169910,169910,2017-11-15 01:53:32 UTC
/posts/6037,/archive/2017/10c#post-169911,169911,2017-11-15 11:44:43 UTC
/posts/6038,/archive/2017/10c#post-169912,169912,2017-11-15 14:13:07 UTC
/posts/6039,/archive/2017/10c#post-169913,169913,2017-11-16 02:00:38 UTC
/posts/6040,/archive/2017/10c#post-169914,169914,2017-11-16 02:54:34 UTC
/posts/6041,/archive/2017/10c#post-169915,169915,2017-11-16 10:55:03 UTC
/posts/6042,/archive/2017/10c#post-169916,169916,2017-11-16 16:23:28 UTC
/posts/5981,/archive/2017/10c#post-169917,169917,2017-11-09 18:16:00 UTC
/posts/5983,/archive/2017/10c#post-169918,169918,2017-11-09 18:52:15 UTC
/posts/5984,/archive/2017/10c#post-169919,169919,2017-11-09 19:04:41 UTC
/posts/5985,/archive/2017/10c#post-169920,169920,2017-11-09 19:08:12 UTC
/posts/5987,/archive/2017/10c#post-169921,169921,2017-11-09 19:21:01 UTC
/posts/5989,/archive/2017/10c#post-169922,169922,2017-11-09 19:38:37 UTC
/posts/5991,/archive/2017/10c#post-169923,169923,2017-11-09 21:26:13 UTC
/posts/5992,/archive/2017/10c#post-169924,169924,2017-11-09 22:56:44 UTC
/posts/5993,/archive/2017/10c#post-169925,169925,2017-11-10 00:37:34 UTC
/posts/5994,/archive/2017/10c#post-169926,169926,2017-11-10 04:13:51 UTC
/posts/5995,/archive/2017/10c#post-169927,169927,2017-11-10 05:21:07 UTC
/posts/5997,/archive/2017/10c#post-169928,169928,2017-11-10 06:03:39 UTC
/posts/5998,/archive/2017/10c#post-169929,169929,2017-11-10 06:21:43 UTC
/posts/5999,/archive/2017/10c#post-169930,169930,2017-11-10 22:49:23 UTC
/posts/6000,/archive/2017/10c#post-169931,169931,2017-11-11 00:52:51 UTC
/posts/6001,/archive/2017/10c#post-169932,169932,2017-11-11 03:33:34 UTC
/posts/6002,/archive/2017/10c#post-169933,169933,2017-11-11 13:47:19 UTC
/posts/6003,/archive/2017/10c#post-169934,169934,2017-11-11 16:40:31 UTC
/posts/6004,/archive/2017/10c#post-169935,169935,2017-11-11 17:13:04 UTC
/posts/6005,/archive/2017/10c#post-169936,169936,2017-11-11 17:44:34 UTC
/posts/6006,/archive/2017/10c#post-169937,169937,2017-11-11 21:07:47 UTC
/posts/6007,/archive/2017/10c#post-169938,169938,2017-11-11 22:58:49 UTC
/posts/6008,/archive/2017/10c#post-169939,169939,2017-11-12 03:43:50 UTC
/posts/6009,/archive/2017/10c#post-169940,169940,2017-11-12 12:51:37 UTC
/posts/6010,/archive/2017/10c#post-169941,169941,2017-11-12 18:54:39 UTC
/posts/6011,/archive/2017/10c#post-169942,169942,2017-11-12 20:34:40 UTC
/posts/6012,/archive/2017/10c#post-169943,169943,2017-11-12 21:19:57 UTC
/posts/6014,/archive/2017/10c#post-169944,169944,2017-11-12 22:24:55 UTC
/posts/6013,/archive/2017/10c#post-169945,169945,2017-11-12 22:21:14 UTC
/posts/6015,/archive/2017/10c#post-169946,169946,2017-11-12 23:21:05 UTC
/posts/6016,/archive/2017/10c#post-169947,169947,2017-11-13 03:19:51 UTC
/posts/6017,/archive/2017/10c#post-169948,169948,2017-11-13 12:44:44 UTC
/posts/6018,/archive/2017/10c#post-169949,169949,2017-11-13 14:17:29 UTC
/posts/6019,/archive/2017/10c#post-169950,169950,2017-11-13 15:45:43 UTC
/posts/6022,/archive/2017/10c#post-169951,169951,2017-11-13 16:43:41 UTC
/posts/6023,/archive/2017/10c#post-169952,169952,2017-11-13 16:51:53 UTC
/posts/6024,/archive/2017/10c#post-169953,169953,2017-11-13 17:03:53 UTC
/posts/6025,/archive/2017/10c#post-169954,169954,2017-11-13 18:29:52 UTC
/posts/6026,/archive/2017/10c#post-169955,169955,2017-11-13 19:19:10 UTC
/posts/6027,/archive/2017/10c#post-169956,169956,2017-11-13 19:45:08 UTC
/posts/6028,/archive/2017/10c#post-169957,169957,2017-11-13 20:07:02 UTC
/posts/6029,/archive/2017/10c#post-169958,169958,2017-11-13 21:31:14 UTC
/posts/6030,/archive/2017/10c#post-169959,169959,2017-11-13 21:47:02 UTC
/posts/6031,/archive/2017/10c#post-169960,169960,2017-11-13 22:33:51 UTC
/posts/6032,/archive/2017/10c#post-169961,169961,2017-11-13 22:51:08 UTC
/posts/6033,/archive/2017/10c#post-169962,169962,2017-11-14 02:01:33 UTC
/posts/6034,/archive/2017/10c#post-169963,169963,2017-11-14 12:33:54 UTC
/posts/6036,/archive/2017/10c#post-169964,169964,2017-11-15 01:55:32 UTC
/posts/5916,/archive/2017/10c#post-169965,169965,2017-11-03 18:53:58 UTC
/posts/5918,/archive/2017/10c#post-169966,169966,2017-11-04 01:59:25 UTC
/posts/5921,/archive/2017/10c#post-169967,169967,2017-11-04 09:23:01 UTC
/posts/5922,/archive/2017/10c#post-169968,169968,2017-11-04 13:39:13 UTC
/posts/5925,/archive/2017/10c#post-169969,169969,2017-11-04 15:53:52 UTC
/posts/5926,/archive/2017/10c#post-169970,169970,2017-11-04 16:17:27 UTC
/posts/5927,/archive/2017/10c#post-169971,169971,2017-11-04 16:33:55 UTC
/posts/5928,/archive/2017/10c#post-169972,169972,2017-11-04 16:58:13 UTC
/posts/5930,/archive/2017/10c#post-169973,169973,2017-11-04 17:18:06 UTC
/posts/5935,/archive/2017/10c#post-169974,169974,2017-11-04 19:32:50 UTC
/posts/5936,/archive/2017/10c#post-169975,169975,2017-11-04 20:12:24 UTC
/posts/5937,/archive/2017/10c#post-169976,169976,2017-11-04 23:21:33 UTC
/posts/5938,/archive/2017/10c#post-169977,169977,2017-11-05 00:04:09 UTC
/posts/5939,/archive/2017/10c#post-169978,169978,2017-11-05 14:48:53 UTC
/posts/5940,/archive/2017/10c#post-169979,169979,2017-11-05 15:26:05 UTC
/posts/5943,/archive/2017/10c#post-169980,169980,2017-11-05 18:07:54 UTC
/posts/5945,/archive/2017/10c#post-169981,169981,2017-11-05 20:22:23 UTC
/posts/5946,/archive/2017/10c#post-169982,169982,2017-11-05 21:20:11 UTC
/posts/5947,/archive/2017/10c#post-169983,169983,2017-11-05 23:56:41 UTC
/posts/5949,/archive/2017/10c#post-169984,169984,2017-11-06 03:53:51 UTC
/posts/5950,/archive/2017/10c#post-169985,169985,2017-11-06 04:16:28 UTC
/posts/5952,/archive/2017/10c#post-169986,169986,2017-11-06 10:56:25 UTC
/posts/5953,/archive/2017/10c#post-169987,169987,2017-11-06 14:16:45 UTC
/posts/5954,/archive/2017/10c#post-169988,169988,2017-11-06 14:29:21 UTC
/posts/5955,/archive/2017/10c#post-169989,169989,2017-11-06 19:41:54 UTC
/posts/5956,/archive/2017/10c#post-169990,169990,2017-11-06 19:48:27 UTC
/posts/5957,/archive/2017/10c#post-169991,169991,2017-11-06 20:44:17 UTC
/posts/5958,/archive/2017/10c#post-169992,169992,2017-11-06 21:16:33 UTC
/posts/5959,/archive/2017/10c#post-169993,169993,2017-11-06 22:10:06 UTC
/posts/5960,/archive/2017/10c#post-169994,169994,2017-11-07 13:19:54 UTC
/posts/5961,/archive/2017/10c#post-169995,169995,2017-11-07 13:34:10 UTC
/posts/5962,/archive/2017/10c#post-169996,169996,2017-11-07 14:25:51 UTC
/posts/5963,/archive/2017/10c#post-169997,169997,2017-11-07 14:32:00 UTC
/posts/5964,/archive/2017/10c#post-169998,169998,2017-11-07 17:05:02 UTC
/posts/5965,/archive/2017/10c#post-169999,169999,2017-11-07 17:28:11 UTC
/posts/5966,/archive/2017/10c#post-170000,170000,2017-11-07 18:29:30 UTC
/posts/5967,/archive/2017/10c#post-170001,170001,2017-11-07 20:33:50 UTC
/posts/5968,/archive/2017/10c#post-170002,170002,2017-11-08 02:02:20 UTC
/posts/5969,/archive/2017/10c#post-170003,170003,2017-11-08 02:50:44 UTC
/posts/5970,/archive/2017/10c#post-170004,170004,2017-11-08 12:40:55 UTC
/posts/5971,/archive/2017/10c#post-170005,170005,2017-11-08 15:13:56 UTC
/posts/5972,/archive/2017/10c#post-170006,170006,2017-11-08 16:44:49 UTC
/posts/5973,/archive/2017/10c#post-170007,170007,2017-11-08 17:13:00 UTC
/posts/5974,/archive/2017/10c#post-170008,170008,2017-11-09 02:15:35 UTC
/posts/5975,/archive/2017/10c#post-170009,170009,2017-11-09 02:49:35 UTC
/posts/5976,/archive/2017/10c#post-170010,170010,2017-11-09 12:48:31 UTC
/posts/5977,/archive/2017/10c#post-170011,170011,2017-11-09 14:45:03 UTC
/posts/5978,/archive/2017/10c#post-170012,170012,2017-11-09 15:18:14 UTC
/posts/5979,/archive/2017/10c#post-170013,170013,2017-11-09 15:59:37 UTC
/posts/5982,/archive/2017/10c#post-170014,170014,2017-11-09 18:18:47 UTC
/posts/5847,/archive/2017/10c#post-170015,170015,2017-10-31 13:48:06 UTC
/posts/5851,/archive/2017/10c#post-170016,170016,2017-10-31 15:27:14 UTC
/posts/5853,/archive/2017/10c#post-170017,170017,2017-10-31 16:51:54 UTC
/posts/5855,/archive/2017/10c#post-170018,170018,2017-10-31 19:12:48 UTC
/posts/5856,/archive/2017/10c#post-170019,170019,2017-10-31 19:40:16 UTC
/posts/5857,/archive/2017/10c#post-170020,170020,2017-10-31 20:34:35 UTC
/posts/5859,/archive/2017/10c#post-170021,170021,2017-10-31 20:48:02 UTC
/posts/5860,/archive/2017/10c#post-170022,170022,2017-10-31 21:13:25 UTC
/posts/5862,/archive/2017/10c#post-170023,170023,2017-10-31 21:37:08 UTC
/posts/5863,/archive/2017/10c#post-170024,170024,2017-10-31 21:49:51 UTC
/posts/5866,/archive/2017/10c#post-170025,170025,2017-11-01 01:18:46 UTC
/posts/5868,/archive/2017/10c#post-170026,170026,2017-11-01 01:56:23 UTC
/posts/5872,/archive/2017/10c#post-170027,170027,2017-11-01 02:26:57 UTC
/posts/5874,/archive/2017/10c#post-170028,170028,2017-11-01 06:03:17 UTC
/posts/5876,/archive/2017/10c#post-170029,170029,2017-11-01 15:03:26 UTC
/posts/5878,/archive/2017/10c#post-170030,170030,2017-11-01 16:12:44 UTC
/posts/5877,/archive/2017/10c#post-170031,170031,2017-11-01 15:32:05 UTC
/posts/5879,/archive/2017/10c#post-170032,170032,2017-11-01 16:18:17 UTC
/posts/5882,/archive/2017/10c#post-170033,170033,2017-11-01 17:59:07 UTC
/posts/5883,/archive/2017/10c#post-170034,170034,2017-11-01 18:51:32 UTC
/posts/5880,/archive/2017/10c#post-170035,170035,2017-11-01 17:00:45 UTC
/posts/5887,/archive/2017/10c#post-170036,170036,2017-11-01 21:52:28 UTC
/posts/5888,/archive/2017/10c#post-170037,170037,2017-11-01 22:56:40 UTC
/posts/5889,/archive/2017/10c#post-170038,170038,2017-11-01 23:52:11 UTC
/posts/5890,/archive/2017/10c#post-170039,170039,2017-11-02 02:55:52 UTC
/posts/5891,/archive/2017/10c#post-170040,170040,2017-11-02 10:34:53 UTC
/posts/5893,/archive/2017/10c#post-170041,170041,2017-11-02 13:33:34 UTC
/posts/5894,/archive/2017/10c#post-170042,170042,2017-11-02 15:21:28 UTC
/posts/5895,/archive/2017/10c#post-170043,170043,2017-11-02 16:49:07 UTC
/posts/5897,/archive/2017/10c#post-170044,170044,2017-11-02 17:30:33 UTC
/posts/5898,/archive/2017/10c#post-170045,170045,2017-11-02 18:05:45 UTC
/posts/5899,/archive/2017/10c#post-170046,170046,2017-11-02 18:25:57 UTC
/posts/5901,/archive/2017/10c#post-170047,170047,2017-11-02 20:18:23 UTC
/posts/5902,/archive/2017/10c#post-170048,170048,2017-11-02 20:45:25 UTC
/posts/5903,/archive/2017/10c#post-170049,170049,2017-11-02 23:06:18 UTC
/posts/5904,/archive/2017/10c#post-170050,170050,2017-11-02 23:41:36 UTC
/posts/5906,/archive/2017/10c#post-170051,170051,2017-11-03 00:07:37 UTC
/posts/5907,/archive/2017/10c#post-170052,170052,2017-11-03 03:44:14 UTC
/posts/5908,/archive/2017/10c#post-170053,170053,2017-11-03 03:58:28 UTC
/posts/5910,/archive/2017/10c#post-170054,170054,2017-11-03 09:27:55 UTC
/posts/5911,/archive/2017/10c#post-170055,170055,2017-11-03 13:35:54 UTC
/posts/5912,/archive/2017/10c#post-170056,170056,2017-11-03 13:52:24 UTC
/posts/5913,/archive/2017/10c#post-170057,170057,2017-11-03 16:30:31 UTC
/posts/5917,/archive/2017/10c#post-170058,170058,2017-11-03 18:54:19 UTC
/posts/5751,/archive/2017/10c#post-170059,170059,2017-10-23 11:49:46 UTC
/posts/5752,/archive/2017/10c#post-170060,170060,2017-10-23 12:15:31 UTC
/posts/5753,/archive/2017/10c#post-170061,170061,2017-10-23 19:36:25 UTC
/posts/5754,/archive/2017/10c#post-170062,170062,2017-10-23 20:39:24 UTC
/posts/5765,/archive/2017/10c#post-170063,170063,2017-10-25 14:57:46 UTC
/posts/5769,/archive/2017/10c#post-170064,170064,2017-10-26 01:32:05 UTC
/posts/5774,/archive/2017/10c#post-170065,170065,2017-10-26 14:30:10 UTC
/posts/5782,/archive/2017/10c#post-170066,170066,2017-10-26 20:03:48 UTC
/posts/5783,/archive/2017/10c#post-170067,170067,2017-10-26 20:58:29 UTC
/posts/5785,/archive/2017/10c#post-170068,170068,2017-10-26 23:27:55 UTC
/posts/5788,/archive/2017/10c#post-170069,170069,2017-10-27 16:23:41 UTC
/posts/5792,/archive/2017/10c#post-170070,170070,2017-10-27 19:50:34 UTC
/posts/5795,/archive/2017/10c#post-170071,170071,2017-10-28 03:01:48 UTC
/posts/5797,/archive/2017/10c#post-170072,170072,2017-10-28 11:03:15 UTC
/posts/5802,/archive/2017/10c#post-170073,170073,2017-10-28 16:19:19 UTC
/posts/5804,/archive/2017/10c#post-170074,170074,2017-10-28 17:18:34 UTC
/posts/5809,/archive/2017/10c#post-170075,170075,2017-10-29 12:48:55 UTC
/posts/5810,/archive/2017/10c#post-170076,170076,2017-10-29 13:27:44 UTC
/posts/5811,/archive/2017/10c#post-170077,170077,2017-10-29 18:28:52 UTC
/posts/5812,/archive/2017/10c#post-170078,170078,2017-10-29 19:35:22 UTC
/posts/5813,/archive/2017/10c#post-170079,170079,2017-10-29 22:44:16 UTC
/posts/5814,/archive/2017/10c#post-170080,170080,2017-10-29 23:26:48 UTC
/posts/5816,/archive/2017/10c#post-170081,170081,2017-10-30 00:36:21 UTC
/posts/5817,/archive/2017/10c#post-170082,170082,2017-10-30 01:09:47 UTC
/posts/5820,/archive/2017/10c#post-170083,170083,2017-10-30 13:52:05 UTC
/posts/5821,/archive/2017/10c#post-170084,170084,2017-10-30 14:12:49 UTC
/posts/5822,/archive/2017/10c#post-170085,170085,2017-10-30 14:58:40 UTC
/posts/5823,/archive/2017/10c#post-170086,170086,2017-10-30 15:09:47 UTC
/posts/5826,/archive/2017/10c#post-170087,170087,2017-10-30 17:33:07 UTC
/posts/5827,/archive/2017/10c#post-170088,170088,2017-10-30 18:28:09 UTC
/posts/5828,/archive/2017/10c#post-170089,170089,2017-10-30 19:18:26 UTC
/posts/5829,/archive/2017/10c#post-170090,170090,2017-10-30 19:35:08 UTC
/posts/5830,/archive/2017/10c#post-170091,170091,2017-10-30 20:26:58 UTC
/posts/5831,/archive/2017/10c#post-170092,170092,2017-10-30 21:34:38 UTC
/posts/5840,/archive/2017/10c#post-170093,170093,2017-10-31 02:01:17 UTC
/posts/5834,/archive/2017/10c#post-170094,170094,2017-10-30 23:17:07 UTC
/posts/5842,/archive/2017/10c#post-170095,170095,2017-10-31 02:57:40 UTC
/posts/5848,/archive/2017/10c#post-170096,170096,2017-10-31 13:48:52 UTC
/posts/5841,/archive/2017/10c#post-170097,170097,2017-10-31 02:17:51 UTC
/posts/5837,/archive/2017/10c#post-170098,170098,2017-10-31 00:03:22 UTC
/posts/5738,/archive/2017/10c#post-170099,170099,2017-10-22 19:02:47 UTC
/posts/5740,/archive/2017/10c#post-170100,170100,2017-10-22 22:05:56 UTC
/posts/5743,/archive/2017/10c#post-170101,170101,2017-10-22 22:33:19 UTC
/posts/5744,/archive/2017/10c#post-170102,170102,2017-10-22 22:35:25 UTC
/posts/5749,/archive/2017/10c#post-170103,170103,2017-10-23 00:56:44 UTC
/posts/5750,/archive/2017/10c#post-170104,170104,2017-10-23 01:21:10 UTC
/posts/5760,/archive/2017/10c#post-170105,170105,2017-10-24 01:01:07 UTC
/posts/5761,/archive/2017/10c#post-170106,170106,2017-10-24 02:27:54 UTC
/posts/5762,/archive/2017/10c#post-170107,170107,2017-10-24 03:35:38 UTC
/posts/5763,/archive/2017/10c#post-170108,170108,2017-10-24 03:54:18 UTC
/posts/5737,/archive/2017/10c#post-170109,170109,2017-10-22 17:40:24 UTC
/posts/5786,/archive/2017/10c#post-170110,170110,2017-10-27 13:32:18 UTC
/posts/5787,/archive/2017/10c#post-170111,170111,2017-10-27 14:57:04 UTC
/posts/5789,/archive/2017/10c#post-170112,170112,2017-10-27 18:39:50 UTC
/posts/5790,/archive/2017/10c#post-170113,170113,2017-10-27 18:52:14 UTC
/posts/5794,/archive/2017/10c#post-170114,170114,2017-10-28 02:55:11 UTC
/posts/5796,/archive/2017/10c#post-170115,170115,2017-10-28 09:17:47 UTC
/posts/5799,/archive/2017/10c#post-170116,170116,2017-10-28 11:33:29 UTC
/posts/5803,/archive/2017/10c#post-170117,170117,2017-10-28 17:18:32 UTC
/posts/5805,/archive/2017/10c#post-170118,170118,2017-10-28 20:50:42 UTC
/posts/5807,/archive/2017/10c#post-170119,170119,2017-10-29 07:17:18 UTC
/posts/5818,/archive/2017/10c#post-170120,170120,2017-10-30 02:10:03 UTC
/posts/5825,/archive/2017/10c#post-170121,170121,2017-10-30 17:22:08 UTC
/posts/5833,/archive/2017/10c#post-170122,170122,2017-10-30 23:11:50 UTC
/posts/5844,/archive/2017/10c#post-170123,170123,2017-10-31 10:46:41 UTC
/posts/5846,/archive/2017/10c#post-170124,170124,2017-10-31 12:46:14 UTC
/posts/5849,/archive/2017/10c#post-170125,170125,2017-10-31 14:42:05 UTC
/posts/5852,/archive/2017/10c#post-170126,170126,2017-10-31 16:40:41 UTC
/posts/5854,/archive/2017/10c#post-170127,170127,2017-10-31 17:53:00 UTC
/posts/5858,/archive/2017/10c#post-170128,170128,2017-10-31 20:40:24 UTC
/posts/5861,/archive/2017/10c#post-170129,170129,2017-10-31 21:18:54 UTC
/posts/5864,/archive/2017/10c#post-170130,170130,2017-10-31 22:04:56 UTC
/posts/5884,/archive/2017/10c#post-170131,170131,2017-11-01 19:30:28 UTC
/posts/5886,/archive/2017/10c#post-170132,170132,2017-11-01 20:03:34 UTC
/posts/5900,/archive/2017/10c#post-170133,170133,2017-11-02 19:25:36 UTC
/posts/5905,/archive/2017/10c#post-170134,170134,2017-11-02 23:50:29 UTC
/posts/5909,/archive/2017/10c#post-170135,170135,2017-11-03 08:50:28 UTC
/posts/5914,/archive/2017/10c#post-170136,170136,2017-11-03 18:06:39 UTC
/posts/5915,/archive/2017/10c#post-170137,170137,2017-11-03 18:26:54 UTC
/posts/5919,/archive/2017/10c#post-170138,170138,2017-11-04 03:43:25 UTC
/posts/5920,/archive/2017/10c#post-170139,170139,2017-11-04 08:13:31 UTC
/posts/5923,/archive/2017/10c#post-170140,170140,2017-11-04 13:43:46 UTC
/posts/5931,/archive/2017/10c#post-170141,170141,2017-11-04 17:43:47 UTC
/posts/5932,/archive/2017/10c#post-170142,170142,2017-11-04 18:09:23 UTC
/posts/5933,/archive/2017/10c#post-170143,170143,2017-11-04 18:25:52 UTC
/posts/5934,/archive/2017/10c#post-170144,170144,2017-11-04 18:42:02 UTC
/posts/5944,/archive/2017/10c#post-170145,170145,2017-11-05 20:18:27 UTC
/posts/5924,/archive/2017/10c#post-170146,170146,2017-11-04 14:49:55 UTC
/posts/5929,/archive/2017/10c#post-170147,170147,2017-11-04 17:09:35 UTC
/posts/5736,/archive/2017/10c#post-170148,170148,2017-10-22 17:17:36 UTC
/posts/5741,/archive/2017/10c#post-170149,170149,2017-10-22 22:17:54 UTC
/posts/5742,/archive/2017/10c#post-170150,170150,2017-10-22 22:20:17 UTC
/posts/5745,/archive/2017/10c#post-170151,170151,2017-10-22 22:37:35 UTC
/posts/5746,/archive/2017/10c#post-170152,170152,2017-10-22 23:10:57 UTC
/posts/5747,/archive/2017/10c#post-170153,170153,2017-10-22 23:20:14 UTC
/posts/5748,/archive/2017/10c#post-170154,170154,2017-10-23 00:03:36 UTC
/posts/5756,/archive/2017/10c#post-170155,170155,2017-10-23 21:02:11 UTC
/posts/5757,/archive/2017/10c#post-170156,170156,2017-10-23 22:09:13 UTC
/posts/5758,/archive/2017/10c#post-170157,170157,2017-10-23 22:35:25 UTC
/posts/5759,/archive/2017/10c#post-170158,170158,2017-10-23 22:57:41 UTC
/posts/5775,/archive/2017/10c#post-170159,170159,2017-10-26 16:06:28 UTC
/posts/5776,/archive/2017/10c#post-170160,170160,2017-10-26 16:39:59 UTC
/posts/5777,/archive/2017/10c#post-170161,170161,2017-10-26 17:51:33 UTC
/posts/5778,/archive/2017/10c#post-170162,170162,2017-10-26 18:07:31 UTC
/posts/5779,/archive/2017/10c#post-170163,170163,2017-10-26 18:21:42 UTC
/posts/5780,/archive/2017/10c#post-170164,170164,2017-10-26 18:56:38 UTC
/posts/5781,/archive/2017/10c#post-170165,170165,2017-10-26 19:24:59 UTC
/posts/5784,/archive/2017/10c#post-170166,170166,2017-10-26 21:10:43 UTC
/posts/5835,/archive/2017/10c#post-170167,170167,2017-10-30 23:39:42 UTC
/posts/5836,/archive/2017/10c#post-170168,170168,2017-10-30 23:59:13 UTC
/posts/5838,/archive/2017/10c#post-170169,170169,2017-10-31 00:05:10 UTC
/posts/5839,/archive/2017/10c#post-170170,170170,2017-10-31 01:49:10 UTC
/posts/5843,/archive/2017/10c#post-170171,170171,2017-10-31 10:22:46 UTC
/posts/5845,/archive/2017/10c#post-170172,170172,2017-10-31 11:45:53 UTC
/posts/5865,/archive/2017/10c#post-170173,170173,2017-10-31 23:17:28 UTC
/posts/5873,/archive/2017/10c#post-170174,170174,2017-11-01 02:33:59 UTC
/posts/5694,/archive/2017/08c#post-170175,170175,2017-08-24 04:40:12 UTC
/posts/5728,/archive/2017/08c#post-170176,170176,2017-08-26 14:21:15 UTC
/posts/5734,/archive/2017/08c#post-170177,170177,2017-08-27 04:30:39 UTC
/posts/5732,/archive/2017/08c#post-170178,170178,2017-08-26 18:54:17 UTC
/posts/5731,/archive/2017/08c#post-170179,170179,2017-08-26 15:59:04 UTC
/posts/5729,/archive/2017/08c#post-170180,170180,2017-08-26 14:54:41 UTC
/posts/5730,/archive/2017/08c#post-170181,170181,2017-08-26 15:10:16 UTC
/posts/5716,/archive/2017/08c#post-170182,170182,2017-08-25 09:21:54 UTC
/posts/5727,/archive/2017/08c#post-170183,170183,2017-08-26 10:11:14 UTC
/posts/5717,/archive/2017/08c#post-170184,170184,2017-08-25 09:28:13 UTC
/posts/5707,/archive/2017/08c#post-170185,170185,2017-08-24 16:31:36 UTC
/posts/5712,/archive/2017/08c#post-170186,170186,2017-08-24 18:44:09 UTC
/posts/5715,/archive/2017/08c#post-170187,170187,2017-08-25 08:27:52 UTC
/posts/5710,/archive/2017/08c#post-170188,170188,2017-08-24 18:39:57 UTC
/posts/5709,/archive/2017/08c#post-170189,170189,2017-08-24 17:08:47 UTC
/posts/5708,/archive/2017/08c#post-170190,170190,2017-08-24 16:59:24 UTC
/posts/5705,/archive/2017/08c#post-170191,170191,2017-08-24 12:10:55 UTC
/posts/5704,/archive/2017/08c#post-170192,170192,2017-08-24 11:57:21 UTC
/posts/5711,/archive/2017/08c#post-170193,170193,2017-08-24 18:40:52 UTC
/posts/5698,/archive/2017/08c#post-170194,170194,2017-08-24 08:47:00 UTC
/posts/5724,/archive/2017/08c#post-170195,170195,2017-08-25 14:23:56 UTC
/posts/5723,/archive/2017/08c#post-170196,170196,2017-08-25 14:22:01 UTC
/posts/5722,/archive/2017/08c#post-170197,170197,2017-08-25 14:17:36 UTC
/posts/5719,/archive/2017/08c#post-170198,170198,2017-08-25 13:50:26 UTC
/posts/5718,/archive/2017/08c#post-170199,170199,2017-08-25 13:44:55 UTC
/posts/5703,/archive/2017/08c#post-170200,170200,2017-08-24 09:12:19 UTC
/posts/5702,/archive/2017/08c#post-170201,170201,2017-08-24 09:00:06 UTC
/posts/5700,/archive/2017/08c#post-170202,170202,2017-08-24 08:56:00 UTC
/posts/5714,/archive/2017/08c#post-170203,170203,2017-08-25 03:03:36 UTC
/posts/5699,/archive/2017/08c#post-170204,170204,2017-08-24 08:51:16 UTC
/posts/5696,/archive/2017/08c#post-170205,170205,2017-08-24 06:03:40 UTC
/posts/5697,/archive/2017/08c#post-170206,170206,2017-08-24 06:04:35 UTC
/posts/5695,/archive/2017/08c#post-170207,170207,2017-08-24 04:42:42 UTC
/posts/5725,/archive/2017/08c#post-170208,170208,2017-08-25 16:49:08 UTC
/posts/5726,/archive/2017/08c#post-170209,170209,2017-08-26 04:30:32 UTC
/posts/5713,/archive/2017/08c#post-170210,170210,2017-08-25 03:03:17 UTC
/posts/5329,/archive/2017/07c#post-170211,170211,2017-07-20 03:28:43 UTC
/posts/5638,/archive/2017/07c#post-170212,170212,2017-08-01 19:56:44 UTC
/posts/5639,/archive/2017/07c#post-170213,170213,2017-08-01 19:58:58 UTC
/posts/5640,/archive/2017/07c#post-170214,170214,2017-08-01 20:09:58 UTC
/posts/5642,/archive/2017/07c#post-170215,170215,2017-08-01 20:54:08 UTC
/posts/5643,/archive/2017/07c#post-170216,170216,2017-08-01 20:58:35 UTC
/posts/5645,/archive/2017/07c#post-170217,170217,2017-08-01 21:05:33 UTC
/posts/5647,/archive/2017/07c#post-170218,170218,2017-08-01 21:09:20 UTC
/posts/5649,/archive/2017/07c#post-170219,170219,2017-08-01 21:11:58 UTC
/posts/5650,/archive/2017/07c#post-170220,170220,2017-08-01 21:27:16 UTC
/posts/5651,/archive/2017/07c#post-170221,170221,2017-08-01 21:45:23 UTC
/posts/5652,/archive/2017/07c#post-170222,170222,2017-08-01 21:46:23 UTC
/posts/5653,/archive/2017/07c#post-170223,170223,2017-08-01 21:51:14 UTC
/posts/5654,/archive/2017/07c#post-170224,170224,2017-08-01 22:00:04 UTC
/posts/5655,/archive/2017/07c#post-170225,170225,2017-08-01 23:05:00 UTC
/posts/5656,/archive/2017/07c#post-170226,170226,2017-08-01 23:34:01 UTC
/posts/5657,/archive/2017/07c#post-170227,170227,2017-08-01 23:39:45 UTC
/posts/5658,/archive/2017/07c#post-170228,170228,2017-08-01 23:41:40 UTC
/posts/5659,/archive/2017/07c#post-170229,170229,2017-08-02 00:26:31 UTC
/posts/5660,/archive/2017/07c#post-170230,170230,2017-08-02 00:29:24 UTC
/posts/5662,/archive/2017/07c#post-170231,170231,2017-08-02 03:26:30 UTC
/posts/5665,/archive/2017/07c#post-170232,170232,2017-08-02 10:46:22 UTC
/posts/5666,/archive/2017/07c#post-170233,170233,2017-08-02 18:08:54 UTC
/posts/5667,/archive/2017/07c#post-170234,170234,2017-08-02 22:04:06 UTC
/posts/5668,/archive/2017/07c#post-170235,170235,2017-08-04 00:50:36 UTC
/posts/5669,/archive/2017/07c#post-170236,170236,2017-08-06 02:53:14 UTC
/posts/5670,/archive/2017/07c#post-170237,170237,2017-08-06 03:26:48 UTC
/posts/5676,/archive/2017/07c#post-170238,170238,2017-08-08 01:17:10 UTC
/posts/5677,/archive/2017/07c#post-170239,170239,2017-08-09 04:08:32 UTC
/posts/5682,/archive/2017/07c#post-170240,170240,2017-08-10 01:43:31 UTC
/posts/5679,/archive/2017/07c#post-170241,170241,2017-08-09 23:55:42 UTC
/posts/5684,/archive/2017/07c#post-170242,170242,2017-08-10 01:57:10 UTC
/posts/5686,/archive/2017/07c#post-170243,170243,2017-08-11 23:15:39 UTC
/posts/5687,/archive/2017/07c#post-170244,170244,2017-08-11 23:24:49 UTC
/posts/5691,/archive/2017/07c#post-170245,170245,2017-08-12 05:31:47 UTC
/posts/5692,/archive/2017/07c#post-170246,170246,2017-08-12 20:34:57 UTC
/posts/5693,/archive/2017/07c#post-170247,170247,2017-08-12 20:38:12 UTC
/posts/5690,/archive/2017/07c#post-170248,170248,2017-08-11 23:49:41 UTC
/posts/5689,/archive/2017/07c#post-170249,170249,2017-08-11 23:28:22 UTC
/posts/5617,/archive/2017/07c#post-170250,170250,2017-07-29 17:40:15 UTC
/posts/5573,/archive/2017/07c#post-170251,170251,2017-07-26 20:04:09 UTC
/posts/5589,/archive/2017/07c#post-170252,170252,2017-07-27 06:39:39 UTC
/posts/5586,/archive/2017/07c#post-170253,170253,2017-07-27 04:42:53 UTC
/posts/5588,/archive/2017/07c#post-170254,170254,2017-07-27 06:13:16 UTC
/posts/5596,/archive/2017/07c#post-170255,170255,2017-07-27 23:12:47 UTC
/posts/5597,/archive/2017/07c#post-170256,170256,2017-07-28 01:50:41 UTC
/posts/5598,/archive/2017/07c#post-170257,170257,2017-07-28 05:06:32 UTC
/posts/5602,/archive/2017/07c#post-170258,170258,2017-07-28 11:42:12 UTC
/posts/5604,/archive/2017/07c#post-170259,170259,2017-07-28 23:03:12 UTC
/posts/5605,/archive/2017/07c#post-170260,170260,2017-07-28 23:10:26 UTC
/posts/5607,/archive/2017/07c#post-170261,170261,2017-07-29 05:10:03 UTC
/posts/5608,/archive/2017/07c#post-170262,170262,2017-07-29 05:16:42 UTC
/posts/5609,/archive/2017/07c#post-170263,170263,2017-07-29 05:17:54 UTC
/posts/5610,/archive/2017/07c#post-170264,170264,2017-07-29 05:40:43 UTC
/posts/5611,/archive/2017/07c#post-170265,170265,2017-07-29 05:58:34 UTC
/posts/5612,/archive/2017/07c#post-170266,170266,2017-07-29 05:59:59 UTC
/posts/5613,/archive/2017/07c#post-170267,170267,2017-07-29 06:01:14 UTC
/posts/5614,/archive/2017/07c#post-170268,170268,2017-07-29 07:59:47 UTC
/posts/5615,/archive/2017/07c#post-170269,170269,2017-07-29 08:06:00 UTC
/posts/5619,/archive/2017/07c#post-170270,170270,2017-07-29 17:55:34 UTC
/posts/5618,/archive/2017/07c#post-170271,170271,2017-07-29 17:54:45 UTC
/posts/5620,/archive/2017/07c#post-170272,170272,2017-07-29 18:44:30 UTC
/posts/5621,/archive/2017/07c#post-170273,170273,2017-07-29 20:02:27 UTC
/posts/5622,/archive/2017/07c#post-170274,170274,2017-07-29 20:04:47 UTC
/posts/5623,/archive/2017/07c#post-170275,170275,2017-07-29 21:40:13 UTC
/posts/5626,/archive/2017/07c#post-170276,170276,2017-07-30 06:28:07 UTC
/posts/5627,/archive/2017/07c#post-170277,170277,2017-07-30 07:17:11 UTC
/posts/5630,/archive/2017/07c#post-170278,170278,2017-07-30 17:51:02 UTC
/posts/5631,/archive/2017/07c#post-170279,170279,2017-07-31 01:17:30 UTC
/posts/5632,/archive/2017/07c#post-170280,170280,2017-07-31 01:47:07 UTC
/posts/5633,/archive/2017/07c#post-170281,170281,2017-07-31 02:34:38 UTC
/posts/5635,/archive/2017/07c#post-170282,170282,2017-08-01 01:26:18 UTC
/posts/5637,/archive/2017/07c#post-170283,170283,2017-08-01 19:54:06 UTC
/posts/5663,/archive/2017/07c#post-170284,170284,2017-08-02 07:41:10 UTC
/posts/5585,/archive/2017/07c#post-170285,170285,2017-07-27 03:25:48 UTC
/posts/5590,/archive/2017/07c#post-170286,170286,2017-07-27 07:10:33 UTC
/posts/5479,/archive/2017/07c#post-170287,170287,2017-07-25 03:03:02 UTC
/posts/5533,/archive/2017/07c#post-170288,170288,2017-07-25 23:22:33 UTC
/posts/5537,/archive/2017/07c#post-170289,170289,2017-07-25 23:50:03 UTC
/posts/5523,/archive/2017/07c#post-170290,170290,2017-07-25 20:41:51 UTC
/posts/5524,/archive/2017/07c#post-170291,170291,2017-07-25 20:55:08 UTC
/posts/5525,/archive/2017/07c#post-170292,170292,2017-07-25 21:21:00 UTC
/posts/5526,/archive/2017/07c#post-170293,170293,2017-07-25 21:29:15 UTC
/posts/5530,/archive/2017/07c#post-170294,170294,2017-07-25 22:22:32 UTC
/posts/5531,/archive/2017/07c#post-170295,170295,2017-07-25 22:34:40 UTC
/posts/5509,/archive/2017/07c#post-170296,170296,2017-07-25 11:01:18 UTC
/posts/5512,/archive/2017/07c#post-170297,170297,2017-07-25 11:20:25 UTC
/posts/5513,/archive/2017/07c#post-170298,170298,2017-07-25 11:35:39 UTC
/posts/5514,/archive/2017/07c#post-170299,170299,2017-07-25 11:40:06 UTC
/posts/5515,/archive/2017/07c#post-170300,170300,2017-07-25 11:56:53 UTC
/posts/5516,/archive/2017/07c#post-170301,170301,2017-07-25 12:03:32 UTC
/posts/5527,/archive/2017/07c#post-170302,170302,2017-07-25 21:35:20 UTC
/posts/5564,/archive/2017/07c#post-170303,170303,2017-07-26 10:56:59 UTC
/posts/5571,/archive/2017/07c#post-170304,170304,2017-07-26 19:41:30 UTC
/posts/5574,/archive/2017/07c#post-170305,170305,2017-07-26 21:32:23 UTC
/posts/5575,/archive/2017/07c#post-170306,170306,2017-07-26 21:44:52 UTC
/posts/5576,/archive/2017/07c#post-170307,170307,2017-07-26 21:52:48 UTC
/posts/5577,/archive/2017/07c#post-170308,170308,2017-07-26 21:57:58 UTC
/posts/5579,/archive/2017/07c#post-170309,170309,2017-07-26 22:11:06 UTC
/posts/5580,/archive/2017/07c#post-170310,170310,2017-07-26 22:16:30 UTC
/posts/5593,/archive/2017/07c#post-170311,170311,2017-07-27 10:20:23 UTC
/posts/5594,/archive/2017/07c#post-170312,170312,2017-07-27 11:21:34 UTC
/posts/5595,/archive/2017/07c#post-170313,170313,2017-07-27 21:47:03 UTC
/posts/5600,/archive/2017/07c#post-170314,170314,2017-07-28 11:31:01 UTC
/posts/5606,/archive/2017/07c#post-170315,170315,2017-07-29 04:05:08 UTC
/posts/5616,/archive/2017/07c#post-170316,170316,2017-07-29 13:38:54 UTC
/posts/5629,/archive/2017/07c#post-170317,170317,2017-07-30 08:20:25 UTC
/posts/5634,/archive/2017/07c#post-170318,170318,2017-07-31 12:03:24 UTC
/posts/5636,/archive/2017/07c#post-170319,170319,2017-08-01 07:42:15 UTC
/posts/5517,/archive/2017/07c#post-170320,170320,2017-07-25 14:20:20 UTC
/posts/5507,/archive/2017/07c#post-170321,170321,2017-07-25 06:57:27 UTC
/posts/5495,/archive/2017/07c#post-170322,170322,2017-07-25 04:10:45 UTC
/posts/5488,/archive/2017/07c#post-170323,170323,2017-07-25 03:59:28 UTC
/posts/5482,/archive/2017/07c#post-170324,170324,2017-07-25 03:19:23 UTC
/posts/5481,/archive/2017/07c#post-170325,170325,2017-07-25 03:12:13 UTC
/posts/5483,/archive/2017/07c#post-170326,170326,2017-07-25 03:44:26 UTC
/posts/5485,/archive/2017/07c#post-170327,170327,2017-07-25 03:50:16 UTC
/posts/5486,/archive/2017/07c#post-170328,170328,2017-07-25 03:55:42 UTC
/posts/5497,/archive/2017/07c#post-170329,170329,2017-07-25 04:15:02 UTC
/posts/5499,/archive/2017/07c#post-170330,170330,2017-07-25 04:19:28 UTC
/posts/5505,/archive/2017/07c#post-170331,170331,2017-07-25 05:08:04 UTC
/posts/5506,/archive/2017/07c#post-170332,170332,2017-07-25 05:34:47 UTC
/posts/5508,/archive/2017/07c#post-170333,170333,2017-07-25 06:58:41 UTC
/posts/5518,/archive/2017/07c#post-170334,170334,2017-07-25 18:57:56 UTC
/posts/5519,/archive/2017/07c#post-170335,170335,2017-07-25 19:03:55 UTC
/posts/5520,/archive/2017/07c#post-170336,170336,2017-07-25 19:33:45 UTC
/posts/5521,/archive/2017/07c#post-170337,170337,2017-07-25 19:47:42 UTC
/posts/5522,/archive/2017/07c#post-170338,170338,2017-07-25 20:12:49 UTC
/posts/5528,/archive/2017/07c#post-170339,170339,2017-07-25 21:41:28 UTC
/posts/5529,/archive/2017/07c#post-170340,170340,2017-07-25 21:46:42 UTC
/posts/5532,/archive/2017/07c#post-170341,170341,2017-07-25 22:43:52 UTC
/posts/5538,/archive/2017/07c#post-170342,170342,2017-07-25 23:54:24 UTC
/posts/5539,/archive/2017/07c#post-170343,170343,2017-07-26 01:04:29 UTC
/posts/5541,/archive/2017/07c#post-170344,170344,2017-07-26 02:18:49 UTC
/posts/5540,/archive/2017/07c#post-170345,170345,2017-07-26 01:53:23 UTC
/posts/5542,/archive/2017/07c#post-170346,170346,2017-07-26 03:19:25 UTC
/posts/5543,/archive/2017/07c#post-170347,170347,2017-07-26 03:44:37 UTC
/posts/5544,/archive/2017/07c#post-170348,170348,2017-07-26 03:57:12 UTC
/posts/5546,/archive/2017/07c#post-170349,170349,2017-07-26 04:12:00 UTC
/posts/5545,/archive/2017/07c#post-170350,170350,2017-07-26 04:11:42 UTC
/posts/5548,/archive/2017/07c#post-170351,170351,2017-07-26 04:22:30 UTC
/posts/5549,/archive/2017/07c#post-170352,170352,2017-07-26 04:47:27 UTC
/posts/5557,/archive/2017/07c#post-170353,170353,2017-07-26 05:28:55 UTC
/posts/5561,/archive/2017/07c#post-170354,170354,2017-07-26 05:39:43 UTC
/posts/5551,/archive/2017/07c#post-170355,170355,2017-07-26 05:01:57 UTC
/posts/5552,/archive/2017/07c#post-170356,170356,2017-07-26 05:04:01 UTC
/posts/5553,/archive/2017/07c#post-170357,170357,2017-07-26 05:21:18 UTC
/posts/5554,/archive/2017/07c#post-170358,170358,2017-07-26 05:24:28 UTC
/posts/5556,/archive/2017/07c#post-170359,170359,2017-07-26 05:27:34 UTC
/posts/5550,/archive/2017/07c#post-170360,170360,2017-07-26 04:59:54 UTC
/posts/5555,/archive/2017/07c#post-170361,170361,2017-07-26 05:27:18 UTC
/posts/5558,/archive/2017/07c#post-170362,170362,2017-07-26 05:30:51 UTC
/posts/5563,/archive/2017/07c#post-170363,170363,2017-07-26 06:08:45 UTC
/posts/5565,/archive/2017/07c#post-170364,170364,2017-07-26 13:41:45 UTC
/posts/5566,/archive/2017/07c#post-170365,170365,2017-07-26 15:36:42 UTC
/posts/5567,/archive/2017/07c#post-170366,170366,2017-07-26 16:26:36 UTC
/posts/5568,/archive/2017/07c#post-170367,170367,2017-07-26 16:48:20 UTC
/posts/5569,/archive/2017/07c#post-170368,170368,2017-07-26 17:46:41 UTC
/posts/5570,/archive/2017/07c#post-170369,170369,2017-07-26 18:00:38 UTC
/posts/5581,/archive/2017/07c#post-170370,170370,2017-07-26 22:47:36 UTC
/posts/5582,/archive/2017/07c#post-170371,170371,2017-07-26 23:15:00 UTC
/posts/5584,/archive/2017/07c#post-170372,170372,2017-07-27 02:35:51 UTC
/posts/5547,/archive/2017/07c#post-170373,170373,2017-07-26 04:20:07 UTC
/posts/5490,/archive/2017/07c#post-170374,170374,2017-07-25 04:06:16 UTC
/posts/5494,/archive/2017/07c#post-170375,170375,2017-07-25 04:09:31 UTC
/posts/5496,/archive/2017/07c#post-170376,170376,2017-07-25 04:12:35 UTC
/posts/5498,/archive/2017/07c#post-170377,170377,2017-07-25 04:16:01 UTC
/posts/5500,/archive/2017/07c#post-170378,170378,2017-07-25 04:27:53 UTC
/posts/5502,/archive/2017/07c#post-170379,170379,2017-07-25 04:37:19 UTC
/posts/5503,/archive/2017/07c#post-170380,170380,2017-07-25 04:47:14 UTC
/posts/5504,/archive/2017/07c#post-170381,170381,2017-07-25 04:58:21 UTC
/posts/5484,/archive/2017/07c#post-170382,170382,2017-07-25 03:49:24 UTC
/posts/5487,/archive/2017/07c#post-170383,170383,2017-07-25 03:57:07 UTC
/posts/5489,/archive/2017/07c#post-170384,170384,2017-07-25 04:04:34 UTC
/posts/5491,/archive/2017/07c#post-170385,170385,2017-07-25 04:07:00 UTC
/posts/5480,/archive/2017/07c#post-170386,170386,2017-07-25 03:10:30 UTC
/posts/5409,/archive/2017/07c#post-170387,170387,2017-07-22 04:47:25 UTC
/posts/5417,/archive/2017/07c#post-170388,170388,2017-07-22 06:09:58 UTC
/posts/5418,/archive/2017/07c#post-170389,170389,2017-07-22 06:13:45 UTC
/posts/5421,/archive/2017/07c#post-170390,170390,2017-07-22 06:43:18 UTC
/posts/5422,/archive/2017/07c#post-170391,170391,2017-07-22 07:09:26 UTC
/posts/5452,/archive/2017/07c#post-170392,170392,2017-07-24 02:47:00 UTC
/posts/5457,/archive/2017/07c#post-170393,170393,2017-07-24 04:07:53 UTC
/posts/5468,/archive/2017/07c#post-170394,170394,2017-07-24 23:53:25 UTC
/posts/5469,/archive/2017/07c#post-170395,170395,2017-07-25 00:48:37 UTC
/posts/5473,/archive/2017/07c#post-170396,170396,2017-07-25 01:51:01 UTC
/posts/5475,/archive/2017/07c#post-170397,170397,2017-07-25 02:21:44 UTC
/posts/5474,/archive/2017/07c#post-170398,170398,2017-07-25 02:10:43 UTC
/posts/5364,/archive/2017/07c#post-170399,170399,2017-07-20 17:35:41 UTC
/posts/5370,/archive/2017/07c#post-170400,170400,2017-07-20 19:57:56 UTC
/posts/5372,/archive/2017/07c#post-170401,170401,2017-07-20 20:13:04 UTC
/posts/5374,/archive/2017/07c#post-170402,170402,2017-07-20 21:47:05 UTC
/posts/5378,/archive/2017/07c#post-170403,170403,2017-07-20 22:13:23 UTC
/posts/5380,/archive/2017/07c#post-170404,170404,2017-07-20 22:57:38 UTC
/posts/5384,/archive/2017/07c#post-170405,170405,2017-07-21 01:24:01 UTC
/posts/5385,/archive/2017/07c#post-170406,170406,2017-07-21 02:49:28 UTC
/posts/5401,/archive/2017/07c#post-170407,170407,2017-07-22 02:21:40 UTC
/posts/5408,/archive/2017/07c#post-170408,170408,2017-07-22 04:10:07 UTC
/posts/5437,/archive/2017/07c#post-170409,170409,2017-07-23 01:55:25 UTC
/posts/5442,/archive/2017/07c#post-170410,170410,2017-07-23 03:41:33 UTC
/posts/5443,/archive/2017/07c#post-170411,170411,2017-07-23 03:59:29 UTC
/posts/5445,/archive/2017/07c#post-170412,170412,2017-07-23 04:11:38 UTC
/posts/5449,/archive/2017/07c#post-170413,170413,2017-07-23 04:29:43 UTC
/posts/5451,/archive/2017/07c#post-170414,170414,2017-07-23 19:03:29 UTC
/posts/5454,/archive/2017/07c#post-170415,170415,2017-07-24 03:32:34 UTC
/posts/5455,/archive/2017/07c#post-170416,170416,2017-07-24 03:54:19 UTC
/posts/5359,/archive/2017/07c#post-170417,170417,2017-07-20 16:29:34 UTC
/posts/5379,/archive/2017/07c#post-170418,170418,2017-07-20 22:20:04 UTC
/posts/5383,/archive/2017/07c#post-170419,170419,2017-07-21 00:39:11 UTC
/posts/5394,/archive/2017/07c#post-170420,170420,2017-07-21 10:58:33 UTC
/posts/5407,/archive/2017/07c#post-170421,170421,2017-07-22 03:43:03 UTC
/posts/5428,/archive/2017/07c#post-170422,170422,2017-07-22 15:49:21 UTC
/posts/5429,/archive/2017/07c#post-170423,170423,2017-07-22 17:04:37 UTC
/posts/5430,/archive/2017/07c#post-170424,170424,2017-07-22 18:19:08 UTC
/posts/5431,/archive/2017/07c#post-170425,170425,2017-07-22 18:32:41 UTC
/posts/5433,/archive/2017/07c#post-170426,170426,2017-07-22 21:40:58 UTC
/posts/5435,/archive/2017/07c#post-170427,170427,2017-07-22 21:59:28 UTC
/posts/5456,/archive/2017/07c#post-170428,170428,2017-07-24 04:05:18 UTC
/posts/5458,/archive/2017/07c#post-170429,170429,2017-07-24 04:31:10 UTC
/posts/5460,/archive/2017/07c#post-170430,170430,2017-07-24 12:15:46 UTC
/posts/5461,/archive/2017/07c#post-170431,170431,2017-07-24 12:38:41 UTC
/posts/5462,/archive/2017/07c#post-170432,170432,2017-07-24 13:09:00 UTC
/posts/5463,/archive/2017/07c#post-170433,170433,2017-07-24 16:16:28 UTC
/posts/5477,/archive/2017/07c#post-170434,170434,2017-07-25 02:29:26 UTC
/posts/5478,/archive/2017/07c#post-170435,170435,2017-07-25 02:38:03 UTC
/posts/5350,/archive/2017/07c#post-170436,170436,2017-07-20 14:01:21 UTC
/posts/5470,/archive/2017/07c#post-170437,170437,2017-07-25 00:57:44 UTC
/posts/5346,/archive/2017/07c#post-170438,170438,2017-07-20 12:19:56 UTC
/posts/5347,/archive/2017/07c#post-170439,170439,2017-07-20 13:33:57 UTC
/posts/5348,/archive/2017/07c#post-170440,170440,2017-07-20 13:43:08 UTC
/posts/5349,/archive/2017/07c#post-170441,170441,2017-07-20 13:48:41 UTC
/posts/5354,/archive/2017/07c#post-170442,170442,2017-07-20 14:29:13 UTC
/posts/5355,/archive/2017/07c#post-170443,170443,2017-07-20 14:44:23 UTC
/posts/5357,/archive/2017/07c#post-170444,170444,2017-07-20 15:52:26 UTC
/posts/5362,/archive/2017/07c#post-170445,170445,2017-07-20 17:29:50 UTC
/posts/5375,/archive/2017/07c#post-170446,170446,2017-07-20 22:01:46 UTC
/posts/5376,/archive/2017/07c#post-170447,170447,2017-07-20 22:09:13 UTC
/posts/5338,/archive/2017/07c#post-170448,170448,2017-07-20 06:02:26 UTC
/posts/5340,/archive/2017/07c#post-170449,170449,2017-07-20 06:36:16 UTC
/posts/5343,/archive/2017/07c#post-170450,170450,2017-07-20 07:20:01 UTC
/posts/5344,/archive/2017/07c#post-170451,170451,2017-07-20 07:22:38 UTC
/posts/5345,/archive/2017/07c#post-170452,170452,2017-07-20 07:43:23 UTC
/posts/5358,/archive/2017/07c#post-170453,170453,2017-07-20 16:08:12 UTC
/posts/5381,/archive/2017/07c#post-170454,170454,2017-07-20 23:19:41 UTC
/posts/5387,/archive/2017/07c#post-170455,170455,2017-07-21 06:22:02 UTC
/posts/5389,/archive/2017/07c#post-170456,170456,2017-07-21 07:18:27 UTC
/posts/5448,/archive/2017/07c#post-170457,170457,2017-07-23 04:26:24 UTC
/posts/5466,/archive/2017/07c#post-170458,170458,2017-07-24 23:16:55 UTC
/posts/5510,/archive/2017/07c#post-170459,170459,2017-07-25 11:06:47 UTC
/posts/5337,/archive/2017/07c#post-170460,170460,2017-07-20 05:51:07 UTC
/posts/5339,/archive/2017/07c#post-170461,170461,2017-07-20 06:22:15 UTC
/posts/5360,/archive/2017/07c#post-170462,170462,2017-07-20 16:41:35 UTC
/posts/5365,/archive/2017/07c#post-170463,170463,2017-07-20 17:43:34 UTC
/posts/5367,/archive/2017/07c#post-170464,170464,2017-07-20 18:48:00 UTC
/posts/5368,/archive/2017/07c#post-170465,170465,2017-07-20 19:08:15 UTC
/posts/5369,/archive/2017/07c#post-170466,170466,2017-07-20 19:29:16 UTC
/posts/5371,/archive/2017/07c#post-170467,170467,2017-07-20 20:01:57 UTC
/posts/5382,/archive/2017/07c#post-170468,170468,2017-07-21 00:01:38 UTC
/posts/5402,/archive/2017/07c#post-170469,170469,2017-07-22 02:35:57 UTC
/posts/5412,/archive/2017/07c#post-170470,170470,2017-07-22 05:23:49 UTC
/posts/5335,/archive/2017/07c#post-170471,170471,2017-07-20 04:59:10 UTC
/posts/5334,/archive/2017/07c#post-170472,170472,2017-07-20 04:53:51 UTC
/posts/5336,/archive/2017/07c#post-170473,170473,2017-07-20 05:44:46 UTC
/posts/5356,/archive/2017/07c#post-170474,170474,2017-07-20 15:08:54 UTC
/posts/5366,/archive/2017/07c#post-170475,170475,2017-07-20 17:59:00 UTC
/posts/5388,/archive/2017/07c#post-170476,170476,2017-07-21 06:59:56 UTC
/posts/5390,/archive/2017/07c#post-170477,170477,2017-07-21 07:25:06 UTC
/posts/5391,/archive/2017/07c#post-170478,170478,2017-07-21 07:37:46 UTC
/posts/5393,/archive/2017/07c#post-170479,170479,2017-07-21 07:41:20 UTC
/posts/5396,/archive/2017/07c#post-170480,170480,2017-07-22 00:49:09 UTC
/posts/5397,/archive/2017/07c#post-170481,170481,2017-07-22 01:15:39 UTC
/posts/5398,/archive/2017/07c#post-170482,170482,2017-07-22 01:32:10 UTC
/posts/5399,/archive/2017/07c#post-170483,170483,2017-07-22 01:41:39 UTC
/posts/5400,/archive/2017/07c#post-170484,170484,2017-07-22 02:07:09 UTC
/posts/5405,/archive/2017/07c#post-170485,170485,2017-07-22 03:31:45 UTC
/posts/5411,/archive/2017/07c#post-170486,170486,2017-07-22 05:03:19 UTC
/posts/5413,/archive/2017/07c#post-170487,170487,2017-07-22 05:46:23 UTC
/posts/5414,/archive/2017/07c#post-170488,170488,2017-07-22 05:50:46 UTC
/posts/5415,/archive/2017/07c#post-170489,170489,2017-07-22 06:04:10 UTC
/posts/5416,/archive/2017/07c#post-170490,170490,2017-07-22 06:08:22 UTC
/posts/5419,/archive/2017/07c#post-170491,170491,2017-07-22 06:38:16 UTC
/posts/5423,/archive/2017/07c#post-170492,170492,2017-07-22 07:14:27 UTC
/posts/5424,/archive/2017/07c#post-170493,170493,2017-07-22 07:23:43 UTC
/posts/5425,/archive/2017/07c#post-170494,170494,2017-07-22 07:25:51 UTC
/posts/5332,/archive/2017/07c#post-170495,170495,2017-07-20 03:58:55 UTC
/posts/5331,/archive/2017/07c#post-170496,170496,2017-07-20 03:51:33 UTC
/posts/5342,/archive/2017/07c#post-170497,170497,2017-07-20 07:14:11 UTC
/posts/5373,/archive/2017/07c#post-170498,170498,2017-07-20 20:46:57 UTC
/posts/5386,/archive/2017/07c#post-170499,170499,2017-07-21 04:19:20 UTC
/posts/5403,/archive/2017/07c#post-170500,170500,2017-07-22 02:49:06 UTC
/posts/5427,/archive/2017/07c#post-170501,170501,2017-07-22 11:37:41 UTC
/posts/5432,/archive/2017/07c#post-170502,170502,2017-07-22 21:36:14 UTC
/posts/5438,/archive/2017/07c#post-170503,170503,2017-07-23 03:08:46 UTC
/posts/5440,/archive/2017/07c#post-170504,170504,2017-07-23 03:25:44 UTC
/posts/5444,/archive/2017/07c#post-170505,170505,2017-07-23 04:03:01 UTC
/posts/5446,/archive/2017/07c#post-170506,170506,2017-07-23 04:12:24 UTC
/posts/5459,/archive/2017/07c#post-170507,170507,2017-07-24 06:47:57 UTC
/posts/5467,/archive/2017/07c#post-170508,170508,2017-07-24 23:35:06 UTC
/posts/5476,/archive/2017/07c#post-170509,170509,2017-07-25 02:25:13 UTC
/posts/5436,/archive/2017/07c#post-170510,170510,2017-07-22 23:30:59 UTC
/posts/5450,/archive/2017/07c#post-170511,170511,2017-07-23 10:49:43 UTC
/posts/5464,/archive/2017/07c#post-170512,170512,2017-07-24 21:07:04 UTC
/posts/5330,/archive/2017/07c#post-170513,170513,2017-07-20 03:46:23 UTC
